fold,method,num_quantile_l1,cat_tv_distance,corr_mad,real_vs_synth_auc,n_real_pos,n_synth_pos
0,ctgan,6785.074415312146,0.2922116178343949,0.11814823220825636,1.0,2826,5000
0,tabddpm,6121370.504065151,1.0,0.12242176170623709,1.0,2826,5000
1,ctgan,9015.178227839311,0.14310372691188145,0.11211778109791691,1.0,7558,5000
1,tabddpm,15028735.030907704,1.0,0.11794471376211951,1.0,7558,5000
2,ctgan,5842.664180137,0.06963555555555556,0.11009507049631122,0.9999999999999998,11988,5000
2,tabddpm,23333370.61503748,1.0,0.11502496346777141,1.0,11988,5000
3,ctgan,17675.79796038974,0.0746808863184529,0.10944782627150366,1.0,16599,5000
3,tabddpm,31181572.460844815,1.0,0.11515701483735445,1.0,16599,5000
