method,num_quantile_l1,cat_tv_distance,corr_mad,real_vs_synth_auc,n_real_pos,n_synth_pos
ctgan,9829.678695919549,0.1449079466550712,0.11245222751849704,1.0,9742.75,5000.0
tabddpm,18916262.152713787,1.0,0.11763711344337062,1.0,9742.75,5000.0
