method,mean_delta,folds_helps,folds_neutral,folds_hurts,verdict
ctgan,-0.026667151003647888,3,1,0,helps
tabddpm,-0.02096814062698424,3,1,0,helps
smote,-0.02288187629843061,3,1,0,helps
ctgan_recency03,-0.025592582534703562,3,1,0,helps
tabddpm_recency03,-0.020561264505979865,4,0,0,helps
smote_recency03,-0.007839989954763454,2,1,1,neutral
