method,preprocess_variant,rank_score,real_vs_synth_auc,cat_tv_distance,num_wasserstein_norm,schema_validity_rate
ctgan,less_hashing,8156576.50154821,1.0,0.06945144413792863,10195716.595952429,0.0
ctgan,default,8447714.436517766,1.0,0.0790370900501536,10559639.00537701,0.0
tabddpm,less_hashing,72776255708.10504,1.0,0.36465875747281407,90970319630.6547,0.0
tabddpm,default,75346870685.13438,1.0,0.3366657083095485,94183588351.98926,0.0
