method,fold,mean_dcr,median_dcr,mean_nndr,median_nndr,n_synthetic,n_after_filter
ctgan_retrained,0,29124.81328853364,3466.1628886285143,2.9614600574260477,2.0385560288584363,2826,2826
tabddpm_retrained,0,3435798957.570063,2884666502.340618,1.0000038145761632,1.0000008070888247,2826,2826
ctgan_retrained,1,36639.675936811036,2825.5120455936585,3.223478363643292,2.360884181298329,5000,5000
tabddpm_retrained,1,2513750244.9399195,1957767111.6353557,1.000004931444153,1.0000007474078108,4875,4875
ctgan_retrained,2,45039.98076457331,2825.502240640615,3.3961200234846065,2.5726910165049524,5000,5000
tabddpm_retrained,2,1561741854.8928783,1161912269.7264948,1.0000175363341826,1.0000034308917853,5000,5000
ctgan_retrained,3,38988.70428592258,2567.293693693145,3.5479430464896127,2.735960621945522,5000,5000
tabddpm_retrained,3,1943804749.6587722,1441369575.5255678,1.0000086267109527,1.0000014839068063,5000,5000
