comparison,mean_delta_pr_auc,p_value,significant_at_0.05
ctgan_vs_baseline,0.004579658410724344,0.044795520447955206,True
tabddpm_vs_baseline,0.0021110953404696736,0.46485351464853514,False
smote_vs_baseline,0.00202961074398178,0.4082591740825917,False
ctgan_vs_smote,0.0025500476667425637,0.12268773122687732,False
