method,mean_delta_vs_baseline,p_value,significant_at_0.05
ctgan,0.006459260957967422,0.1202879712028797,False
tabddpm,-0.0012137163082228675,0.7509249075092491,False
smote,0.0026813700958031594,0.5035496450354965,False
ctgan_vs_smote,0.0037778908621642626,0.3702629737026297,False
