cluster_id,fraud_count_global,fraud_share_pct,n_folds_evaluated,mean_val_fraud_per_fold,mean_baseline_pr_auc,mean_ctgan_pr_auc,mean_delta_pr_auc,std_delta_pr_auc,mean_n_synth_routed,synth_share_pct,mean_dcr_synth
-1,8231,39.83,8,917.0,0.3910720172467217,0.38835356846515834,-0.0027184487815633575,0.012056497719015905,0.0,0.0,
0,3091,14.96,8,349.375,0.4637732334489482,0.4599547636491963,-0.0038184697997519085,0.017232088642622795,0.0,0.0,
1,2497,12.08,8,291.5,0.03352360047195299,0.035180078973125334,0.001656478501172341,0.0025161846079271395,4926.375,9.85275,11790.898728879947
2,1657,8.02,8,174.75,0.059967838480257246,0.05471993313481372,-0.005247905345443524,0.013621395269730956,2701.125,5.40225,17891.754961545383
3,5187,25.1,8,632.875,0.6505089924622385,0.6504878884035956,-2.1104058642862356e-05,0.014139275119091963,8612.875,17.22575,12012.088006630891
