cluster_id,fraud_count_global,fraud_share_global,n_folds_evaluated,mean_baseline_pr_auc,mean_ctgan_pr_auc,mean_delta_pr_auc,std_delta_pr_auc,mean_n_synth_routed,mean_dcr_synth,median_dcr_synth
0,3789,0.18337124328509896,7,0.5004715262229108,0.49932706658087256,-0.0011444596420382108,0.009372978713572623,0.0,,
1,7636,0.36954943619029185,7,0.6936111931476344,0.6960107484180476,0.002399555270413245,0.01215800833471638,6025.714285714285,10944.921334766694,2769.202346992843
2,109,0.005275129458452306,7,,,,,34.857142857142854,36995.95629704582,6240.744998827338
3,3024,0.1463485457097227,7,0.11163731598011957,0.10078839146984298,-0.01084892451027658,0.018754834343469532,0.0,,
4,6105,0.2954556453564342,7,0.11925961425817626,0.1163249928040017,-0.002934621454174562,0.007479636773020064,11163.857142857143,12304.263573645338,2601.455917646574
