method,fold,target_pos_rate,mean_dcr,median_dcr,p95_dcr,mean_nndr,median_nndr,ks_mean,ks_max,n_synthetic,n_after_dcr_filter
tvae,7,0.2,2570.435932961017,2017.917890046247,6302.790145835495,3.9714568420737626,3.098184873027453,0.345011289962439,0.8991852133946159,50000,35581
