comparison,target_pos_rate,mean_delta_pr_auc,p_value,significant_at_0.05,n_folds,fold_deltas
tvae_vs_baseline,0.05,0.001175277660158236,0.546875,False,8,"+0.0046, +0.0061, +0.0046, -0.0033, +0.0013, +0.0061, -0.0076, -0.0025"
tvae_vs_baseline,0.1,0.00022246017606787627,0.9453125,False,8,"+0.0072, +0.0118, +0.0006, -0.0032, -0.0060, +0.0017, -0.0082, -0.0020"
tvae_vs_baseline,0.2,-0.0016060217466654925,0.4609375,False,8,"+0.0036, -0.0026, -0.0031, -0.0044, -0.0003, +0.0062, -0.0095, -0.0028"
