fold,top_leak_feature,top_leak_auc,domain_auc_holdout_no_time,psi_TransactionAmt,psi_TransactionDT,psi_dist1,psi_dist2,psi_D1,psi_D2,psi_D3
0,V76,0.6541591165306123,0.8240134308390022,0.05753641765517065,0.0,0.0017283704569169634,0.0366104864366616,0.07874853086774211,0.01746443541943544,0.0016018229741398865
1,M9,0.6242209985714285,0.8853219614512471,0.03236655483341954,0.0,0.0007491694538001451,0.047325340753026766,0.011125125082420086,0.0074548789087096265,0.0002624566344878612
2,M9,0.653450123265306,0.9186044263038549,0.014177705596604232,0.0,0.011674929659641743,0.05678623758258661,0.016542488087526303,0.012927380154017587,0.0015474030495692599
3,D11,0.6323980804081634,0.8849645102040816,0.007957949873423886,0.0,0.003941016850958253,0.06370985055331196,0.02291215811204558,0.015721716796045414,0.0012705069905569973
