method,pr_auc,delta,n_synth
baseline,0.339848,0.0,0
smote,0.814891,0.475043,11552
ctgan_150ep,0.786947,0.447099,11552
tvae_300ep,0.816066,0.476218,11552
