fold,pr_auc_baseline,pr_auc_ungated,pr_auc_gated_p90,delta_ungated,delta_gated_p90,n_synth_raw,n_synth_gated,vol_reduction_pct
0,0.514698,0.525218,0.51992,0.010519,0.005222,1715,919,46.4
1,0.593228,0.601215,0.600981,0.007987,0.007753,3647,1939,46.8
2,0.615543,0.625153,0.624667,0.00961,0.009124,4526,2555,43.5
3,0.588314,0.594929,0.594294,0.006615,0.00598,5151,2914,43.4
4,0.554482,0.551174,0.552408,-0.003309,-0.002074,6182,3768,39.0
5,0.630929,0.634355,0.630951,0.003426,2.3e-05,7141,4318,39.5
6,0.558373,0.552177,0.557804,-0.006195,-0.000569,7985,5069,36.5
7,0.572974,0.573535,0.562624,0.000561,-0.010349,9352,6003,35.8
