fold,method,target_pos_rate,pr_auc,recall_1pctfpr
0,baseline,0.0,0.566073094,0.455377955
0,ctgan,0.05,0.523617117,0.412920413
0,ctgan,0.1,0.532013327,0.42007992
0,ctgan,0.2,0.519405141,0.40959041
1,baseline,0.0,0.564902796,0.463397425
1,ctgan,0.05,0.54562294,0.452107956
1,ctgan,0.1,0.535070523,0.433409772
1,ctgan,0.2,0.545027319,0.442935262
2,baseline,0.0,0.521499714,0.437254902
2,ctgan,0.05,0.507052671,0.433529412
2,ctgan,0.1,0.513266247,0.420392157
2,ctgan,0.2,0.514445841,0.421960784
