fold,pr_auc,method,epochs,n_train,n_fraud_train,n_test,n_fraud_test
0,0.5249088471567842,ctgan,5,65615,1739,65616,1521
1,0.605428458861699,ctgan,5,131231,3260,65615,2575
2,0.618587419143259,ctgan,5,196846,5835,65616,2828
3,0.5913222720661373,ctgan,5,262462,8663,65615,2423
4,0.5502757766572365,ctgan,5,328077,11086,65616,2494
5,0.6384600843540718,ctgan,5,393693,13580,65615,2610
6,0.5482271094307859,ctgan,5,459308,16190,65616,2086
7,0.5754204330881976,ctgan,5,524924,18276,65616,2387
