split_type,method,pr_auc,recall_at_1pct_fpr,n_train,n_val,n_fraud_train,n_fraud_val,ctgan_epochs,target_pos_rate,canonical_8fold_mean_pr_auc,delta_vs_canonical
random_80_20,baseline,0.743312316057456,0.6743285748850714,472432,118108,16530,4133,,,0.5785675583673324,0.16474475769012353
random_80_20,ctgan,0.7385310204162857,0.6677957899830631,472432,118108,16530,4133,150.0,0.05,0.5822194193568299,0.15631160105945585
