seed,n_train,n_val,n_fraud_train,n_fraud_val,ctgan_epochs,target_pos_rate,pr_auc_baseline,pr_auc_ctgan,delta,recall_baseline,recall_ctgan
0,472432,118108,16530,4133,150,0.05,0.739141346524898,0.7385917298955258,-0.0005496166293722515,0.6644084200338737,0.6644084200338737
1,472432,118108,16530,4133,150,0.05,0.7440989997329441,0.7421758079688602,-0.0019231917640839535,0.6743285748850714,0.6740866198887007
2,472432,118108,16530,4133,150,0.05,0.7450740689706434,0.7439363624394282,-0.0011377065312152546,0.6791676748124849,0.6748124848778128
3,472432,118108,16530,4133,150,0.05,0.7370122099099512,0.7359780431737394,-0.0010341667362118168,0.6646503750302444,0.6648923300266151
4,472432,118108,16530,4133,150,0.05,0.7384083858780197,0.7382997062984313,-0.0001086795795883777,0.672392934914106,0.6680377449794338
5,472432,118108,16530,4133,150,0.05,0.7385848411919574,0.7355049324246309,-0.0030799087673265557,0.6716670699249939,0.6685216549721752
6,472432,118108,16530,4133,150,0.05,0.7524785389114975,0.7515003532911922,-0.000978185620305272,0.6789257198161142,0.6750544398741835
