method,preprocess_variant,rank_score,real_vs_synth_auc,cat_tv_distance,num_wasserstein_norm,schema_validity_rate
ctgan,default,8136740.556709111,0.9999999999999999,0.06646025631695977,10170921.67286542,0.0
ctgan,less_hashing,9201469.145989096,1.0,0.06179863351526178,11501832.408186011,0.0
tabddpm,less_hashing,65709887991.28126,1.0,0.3396876426116839,82137359984.6626,0.0
tabddpm,default,75243744635.33421,1.0,0.3605181095613503,94054680789.7036,0.0
