preprocess_variant,fold,method,config_name,target_pos_rate,max_synth,num_quantile_l1,num_wasserstein_norm,cat_tv_distance,cat_js_divergence,corr_mad,real_vs_synth_auc,rare_cat_coverage,schema_validity_rate,n_real,n_synth,forbidden_token_count
default,0,ctgan,ctgan_e7_p1_b512,0.05,5000,9516.947587795688,10170921.67286542,0.06646025631695977,0.005645037215111087,0.2773289324336462,0.9999999999999999,1.0,0.0,9894,5000,
default,0,tabddpm,tabddpm_t75_e4_h768,0.05,5000,26914601.75033416,94054680789.7036,0.3605181095613503,0.1040082216427665,0.27743584478765293,1.0,1.0,0.0,9894,5000,0.0
less_hashing,0,ctgan,ctgan_e7_p1_b512,0.05,5000,10812.106483497146,11501832.408186011,0.06179863351526178,0.005246932932757174,0.2905638550220299,1.0,1.0,0.0,9894,5000,
less_hashing,0,tabddpm,tabddpm_t75_e4_h768,0.05,5000,22547141.90683208,82137359984.6626,0.3396876426116839,0.1002149322613604,0.28711681066585454,1.0,1.0,0.0,9894,5000,0.0
