method,preprocess_variant,config_name,target_pos_rate,max_synth,num_quantile_l1,num_wasserstein_norm,cat_tv_distance,cat_js_divergence,corr_mad,real_vs_synth_auc,rare_cat_coverage,schema_validity_rate,n_real,n_synth,rank_score
tabddpm,less_hashing,tabddpm_t75_e4_h768,0.05,5000,22547141.90683208,82137359984.6626,0.3396876426116839,0.1002149322613604,0.28711681066585454,1.0,1.0,0.0,9894.0,5000.0,65709887991.28126
tabddpm,default,tabddpm_t75_e4_h768,0.05,5000,26914601.75033416,94054680789.7036,0.3605181095613503,0.1040082216427665,0.27743584478765293,1.0,1.0,0.0,9894.0,5000.0,75243744635.33421
